"products","ean","price"
"Console PlayStation 5",9951043888988,3855.56
"Patinete Elétrico Xiaomi",9820393799939,931.52
"Patinete Elétrico Xiaomi",3847885950946,2144.06
"Smart Lampada LED Wi-Fi Positivo",7038811876156,3141.59
"Console Nintendo Switch OLED",6254491861027,694.14
"Patinete Elétrico Xiaomi",7934816688314,1002.94
"Mochila Samsonite Executiva",4027306766439,99.67
"Fonte Corsair 750W Modular",4964961891353,4962.03
"Memória RAM Corsair Vengeance 32GB",6696283332414,2065.21
"Cadeira de Escritório Ergonômica",6188219501767,212.71
"Fone de Ouvido JBL Tune 510BT",5584478964599,458.93
"Ar-condicionado LG Dual Inverter",7643400832220,2752.4
"Patinete Elétrico Xiaomi",9315321626164,2562.81
"Mouse Logitech MX Master 3",6026486876825,1899.14
"Mouse Logitech MX Master 3",7274790590901,2063.41
"Batedeira Planetária Oster",2175953891096,1466.75
"Smart TV Samsung 55' 4K",2390870301297,2238.53
"Kit Teclado e Mouse Sem Fio Logitech",3080998203032,1812.44
"Placa-mãe ASUS ROG Strix",6998982342405,1695.53
"Ventilador de Mesa Arno",9467221928235,4563.62
"Placa de Vídeo RTX 4070 Ti",4019893187183,1370.78
"Perfume Paco Rabanne 1 Million",2304322469305,1789.76
"Geladeira Frost Free Brastemp",6569259013556,3147.64
"Câmera GoPro Hero 10",4093784888850,4661.68
"Micro-ondas Electrolux 30L",2997239249813,2671.55
"Mochila Samsonite Executiva",5861922352801,248.88
"Fogão Brastemp 5 bocas",8622095356766,634.85
"Fonte Corsair 750W Modular",1060513456351,4006.79
"Geladeira Frost Free Brastemp",9284764137744,4632.77
"SSD Kingston NV2 1TB",9521182883290,1564.61
"Console PlayStation 5",3313354995661,4067.09
"Memória RAM Corsair Vengeance 32GB",9040350254167,4628.01
"Mouse Logitech MX Master 3",3171143446851,1452.75
"SSD Kingston NV2 1TB",1914958023516,1657.36
"Liquidificador Philips Walita",3360084154291,3412.39
"Memória RAM Corsair Vengeance 32GB",1245301386370,4785.72
"Patinete Elétrico Xiaomi",7280414466187,4759.03
"Memória RAM Corsair Vengeance 32GB",5875990484301,2463.41
"Placa-mãe ASUS ROG Strix",4158640626293,1943.21
"Câmera GoPro Hero 10",2169372878142,1784.53
"Smartphone Galaxy S21",5765537327663,2027.53
"Câmera GoPro Hero 10",8465774468147,1701.87
"Console Nintendo Switch OLED",5350480784983,1651.58
"Aspirador de Pó Vertical Mondial",8806372483337,1934.82
"SSD Kingston NV2 1TB",8628287219742,4658.87
"Bicicleta Caloi 29",4428383472867,548.39
"Smart TV Samsung 55' 4K",4453131959454,1217.02
"Kit Teclado e Mouse Sem Fio Logitech",4450971143533,1456.89
"Micro-ondas Electrolux 30L",1953314725492,347.75
"Óculos Ray-Ban Aviador",2948242622309,2655.12
"Monitor LG Ultrawide",7979664972643,1456.83
"Liquidificador Philips Walita",3069765522660,3423.59
"Aspirador de Pó Vertical Mondial",6982703304539,2199.58
"Notebook Dell Inspiron",8878065943787,2241.02
"Cadeira Gamer DXRacer",4618909498543,4336.69
"Console Nintendo Switch OLED",2222472108757,240.61
"Tênis Nike Air Force 1",2853197712018,2566.23
"Relógio Casio G-Shock",4317762833904,130.57
"Geladeira Frost Free Brastemp",2274438598978,1364.47
"Cadeira de Escritório Ergonômica",4745356606529,792.78
"Bolsa Michael Kors",3869330199704,1337.79
"Kit Ferramentas Bosch 100 Peças",8065841299309,702.36
"Liquidificador Philips Walita",3568765211381,4442.65
"Máquina de Lavar Samsung 14kg",5161492181249,2453.56
"Kit Ferramentas Bosch 100 Peças",6464492342206,3198.12
"Console PlayStation 5",6394901315529,69.58
"Óculos Ray-Ban Aviador",7822929323626,4277.14
"Notebook Dell Inspiron",9458894837986,4796.02
"Cadeira de Escritório Ergonômica",4422324307452,3013.87
"Cafeteira Nespresso Essenza Mini",4773626589068,2915.23
"Perfume Paco Rabanne 1 Million",7087449040502,4744.48
"SSD Kingston NV2 1TB",8821107114216,2285.74
"Panela de Pressão Elétrica Mondial",4703661739846,3386.65
"Monitor LG Ultrawide",5315566455578,1910.02
"Tablet iPad Air 2022",1026807061781,1415.58
"Tablet iPad Air 2022",3388091561483,2474.65
"Kit Ferramentas Bosch 100 Peças",9203214405162,2958.46
"Memória RAM Corsair Vengeance 32GB",5954377899221,3881.07
"Panela de Pressão Elétrica Mondial",7292932103230,1765.22
"Smartwatch Apple Watch SE",1670952211674,1426.02
"Kit Teclado e Mouse Sem Fio Logitech",8890014924555,3659.8
"Chuveiro Lorenzetti Acqua Duo",2014090818729,2370.96
"Batedeira Planetária Oster",6105869664673,3845.34
"Cadeira Gamer DXRacer",1642176822888,2312.22
"Fone de Ouvido JBL Tune 510BT",4351315316207,1326.01
"Câmera GoPro Hero 10",7016537601949,2564.92
"Câmera GoPro Hero 10",5935335105631,1331.1
"Tênis Nike Air Force 1",7805655092573,4124.01
"Ventilador de Mesa Arno",9522215146995,636.87
"Batedeira Planetária Oster",6150449830192,3866.0
"Fogão Brastemp 5 bocas",7176298761798,4866.99
"Fone de Ouvido JBL Tune 510BT",4198925692403,4050.61
"Fone de Ouvido JBL Tune 510BT",1078866136645,4841.76
"Smartwatch Apple Watch SE",8857216893043,4666.41
"Panela de Pressão Elétrica Mondial",2559252651414,886.81
"Smartwatch Apple Watch SE",6168229192576,1924.53
"Panela de Pressão Elétrica Mondial",5696904359188,1476.06
"Smartwatch Apple Watch SE",7411721432114,3947.99
"Bicicleta Caloi 29",7673060852096,3692.72
"Cadeira Gamer DXRacer",4117618943899,2529.84
"Relógio Casio G-Shock",5253531712779,2381.58
"Mochila Samsonite Executiva",1880037084171,706.57
"Micro-ondas Electrolux 30L",9688529148305,244.85
"Memória RAM Corsair Vengeance 32GB",8465499776250,1210.57
"Perfume Paco Rabanne 1 Million",3719300067921,1378.92
"Placa-mãe ASUS ROG Strix",2840240553151,2037.4
"Console PlayStation 5",9298861422801,2401.11
"Cadeira Gamer DXRacer",8093339527991,2306.28
"Geladeira Frost Free Brastemp",2700065996699,1537.96
"Liquidificador Philips Walita",3716869877290,4836.55
"Furadeira e Parafusadeira DeWalt",3710956950014,3950.56
"Bicicleta Caloi 29",1223405696655,3786.95
"Smart Lampada LED Wi-Fi Positivo",9089388287544,230.44
"Furadeira e Parafusadeira DeWalt",7649006180335,3541.46
"Geladeira Frost Free Brastemp",3536424443148,746.12
"Tablet iPad Air 2022",8028124245611,3087.88
"Teclado Mecânico Redragon",5988144453799,1491.18
"Smartphone Galaxy S21",3315408659019,2291.68
"Tablet iPad Air 2022",8289532276933,514.01
"Ar-condicionado LG Dual Inverter",3860127497025,1596.42
"Console PlayStation 5",4290701335779,813.61
"Console Xbox Series X",5991446129954,2629.19
"Drone DJI Mini 3 Pro",6629488723792,349.15
"Monitor LG Ultrawide",5551015188100,2057.49
"Batedeira Planetária Oster",6122520553676,4136.26
"Aspirador de Pó Vertical Mondial",4225991567580,3239.49
"Tênis Nike Air Force 1",2824682914016,3124.46
"Fonte Corsair 750W Modular",1539664864381,4278.53
"Geladeira Frost Free Brastemp",5841102609484,2107.61
"Capacete LS2 FF320",3278173406702,4860.79
"Cadeira de Escritório Ergonômica",9685552001062,4182.81
"Fonte Corsair 750W Modular",2070899506033,943.28
"Console Nintendo Switch OLED",8490417822836,3692.34
"Mouse Logitech MX Master 3",8598780930282,2796.43
"Chuveiro Lorenzetti Acqua Duo",5711269461339,1473.83
"Processador Intel Core i9 13900K",4241408860484,740.7
"Chuveiro Lorenzetti Acqua Duo",3141173508765,3557.8
"SSD Kingston NV2 1TB",2324530030946,468.59
"Fone de Ouvido JBL Tune 510BT",9339818683805,1065.97
"Tablet iPad Air 2022",2818832281844,3850.32
"Panela de Pressão Elétrica Mondial",9160780530560,3348.07
"Console Xbox Series X",9000741183706,4802.56
"Tênis Nike Air Force 1",2430994004154,771.87
"Cadeira Gamer DXRacer",2767764204494,350.02
"Smartwatch Apple Watch SE",8496782252175,1096.52
"Ar-condicionado LG Dual Inverter",6713627878388,1370.13
"Geladeira Frost Free Brastemp",6841602053169,594.04
"Processador Intel Core i9 13900K",7006371573767,1335.0
"Smartphone Galaxy S21",7776741556590,1555.13
"Câmera GoPro Hero 10",1841924857471,2885.43
"Relógio Casio G-Shock",9552855831296,1041.66
"Kit Teclado e Mouse Sem Fio Logitech",9783138726877,2960.42
"Panela de Pressão Elétrica Mondial",6004180222906,4197.39
"Headset HyperX Cloud II",9541825850301,4562.41
"Processador Intel Core i9 13900K",8307985884015,2749.22
"Fogão Brastemp 5 bocas",8830985010642,2736.16
"Console Nintendo Switch OLED",5140049269464,98.09
"Headset HyperX Cloud II",7409656414961,2913.33
"Smartphone Galaxy S21",9756312874330,613.17
"Batedeira Planetária Oster",7186502660285,1226.99
"Cadeira de Escritório Ergonômica",8468371720647,2303.34
"Placa-mãe ASUS ROG Strix",6292188679681,4155.15
"Console Nintendo Switch OLED",9899842272732,745.18
"Placa de Vídeo RTX 4070 Ti",2338256600668,1013.37
"Smartwatch Apple Watch SE",9062988048877,968.0
"Console Nintendo Switch OLED",5539777781485,2135.16
"Óculos Ray-Ban Aviador",5765006930671,188.24
"Perfume Paco Rabanne 1 Million",5324867015287,2317.62
"SSD Kingston NV2 1TB",4559046031384,3395.5
"Echo Dot Alexa",9408761128236,738.13
"Fonte Corsair 750W Modular",7402949303358,502.75
"Echo Dot Alexa",4030552964584,2228.17
"Placa-mãe ASUS ROG Strix",8579742913524,240.89
"Capacete LS2 FF320",7441076725705,257.6
"Smartwatch Apple Watch SE",3776918155092,3314.29
"Furadeira e Parafusadeira DeWalt",8461282653999,1002.86
"Bolsa Michael Kors",7026470649317,828.41
"Cadeira de Escritório Ergonômica",9480187029368,4515.24
"Câmera GoPro Hero 10",9842563949436,2016.55
"Geladeira Frost Free Brastemp",3333287550192,1501.4
"Kit Ferramentas Bosch 100 Peças",6290670800119,3309.92
"Tablet iPad Air 2022",2857413588487,2867.54
"Console Nintendo Switch OLED",5439539601535,3415.49
"Smart Lampada LED Wi-Fi Positivo",2017563894572,2911.41
"Smart Lampada LED Wi-Fi Positivo",5067830484029,2035.01
"Panela de Pressão Elétrica Mondial",4405306447390,3347.39
"Batedeira Planetária Oster",4160158055186,2722.24
"Headset HyperX Cloud II",3970345506398,2013.6
"Kit Ferramentas Bosch 100 Peças",6986041970810,3612.56
"Ventilador de Mesa Arno",5411990710346,2488.14
"Tênis Nike Air Force 1",6126903555593,168.31
"Capacete LS2 FF320",3911540492452,4079.43
"Bicicleta Caloi 29",3926016944002,4172.23
"Roteador TP-Link Archer AX50",6253700798102,3986.77
"Smart Lampada LED Wi-Fi Positivo",3239378161092,923.03
"Bicicleta Caloi 29",6708336909591,1141.0
"Câmera GoPro Hero 10",9710134403954,2454.46
"Console PlayStation 5",2626633535857,682.03
"Memória RAM Corsair Vengeance 32GB",3877808695335,4230.63
"Cafeteira Nespresso Essenza Mini",7152933762483,4889.61
"Chuveiro Lorenzetti Acqua Duo",3908838300575,3891.45
"Fogão Brastemp 5 bocas",8018729119912,2713.04
"Fone de Ouvido JBL Tune 510BT",1208958815932,4849.23
"Smart Lampada LED Wi-Fi Positivo",6461690261295,4981.47
"Cafeteira Nespresso Essenza Mini",7052068620782,331.99
"Relógio Casio G-Shock",8783752705746,3889.87
"Liquidificador Philips Walita",5240463907718,3836.88
"Bicicleta Caloi 29",6196338542804,1703.08
"Teclado Mecânico Redragon",6074566704769,2149.39
"Geladeira Frost Free Brastemp",5592630822096,659.11
"Bicicleta Caloi 29",6923784828769,4937.27
"Ventilador de Mesa Arno",3834442364946,4862.75
"Notebook Dell Inspiron",1533767536475,293.41
"Capacete LS2 FF320",6022918852094,2732.18
"Bolsa Michael Kors",3335563722590,556.17
"Console PlayStation 5",9978848620166,585.25
"Bolsa Michael Kors",6572717780919,1839.78
"Teclado Mecânico Redragon",9175451498821,3740.28
"Notebook Dell Inspiron",9896794586150,4862.41
"Kit Ferramentas Bosch 100 Peças",1945661632532,4742.04
"Processador Intel Core i9 13900K",3734726616303,2611.83
"Console PlayStation 5",1079377202487,4340.62
"Fone de Ouvido JBL Tune 510BT",1991729274411,3710.6
"Ar-condicionado LG Dual Inverter",3410350411385,2599.79
"Micro-ondas Electrolux 30L",4774645997208,757.17
"Bolsa Michael Kors",7295771450241,3126.53
"Cadeira de Escritório Ergonômica",9588685647098,3025.73
"Liquidificador Philips Walita",3594794618842,3254.38
"Cadeira de Escritório Ergonômica",6387325645341,4440.96
"Placa de Vídeo RTX 4070 Ti",6140505650071,4911.72
"Chuveiro Lorenzetti Acqua Duo",4236154801382,1722.44
"Ar-condicionado LG Dual Inverter",5985062031048,2587.43
"Geladeira Frost Free Brastemp",5124220789978,2037.15
"Echo Dot Alexa",3260784164959,2452.14
"Tênis Nike Air Force 1",5889494138313,4172.56
"Fone de Ouvido JBL Tune 510BT",8135757375683,740.73
"Teclado Mecânico Redragon",6551782529980,982.53
"Ventilador de Mesa Arno",1904071072125,4683.71
"Máquina de Lavar Samsung 14kg",9227414266379,3168.45
"Smart TV Samsung 55' 4K",8075008530826,1393.3
"Chuveiro Lorenzetti Acqua Duo",8118412066664,4047.18
"Console Xbox Series X",1792340499908,4026.49
"Bolsa Michael Kors",6019772373691,3693.38
"Headset HyperX Cloud II",6752703829041,2082.7
"Chuveiro Lorenzetti Acqua Duo",9277284934675,4899.99
"Kit Ferramentas Bosch 100 Peças",4797253967163,1204.29
"Kit Ferramentas Bosch 100 Peças",9442605983690,3362.72
"Echo Dot Alexa",6997183306634,603.86
"Memória RAM Corsair Vengeance 32GB",5158021645520,3377.75
"Óculos Ray-Ban Aviador",5684744370538,2126.3
"Óculos Ray-Ban Aviador",1339032507782,3109.28
"Monitor LG Ultrawide",3678299842116,4833.39
"Panela de Pressão Elétrica Mondial",3518818568457,2802.11
"Aspirador de Pó Vertical Mondial",4843214337673,1412.32
"Relógio Casio G-Shock",5283709854777,800.74
"Cafeteira Nespresso Essenza Mini",9072808937220,818.79
"Ar-condicionado LG Dual Inverter",6467491086167,3766.83
"Console PlayStation 5",6034925481285,2801.86
"Liquidificador Philips Walita",9426289218130,1245.87
"Fonte Corsair 750W Modular",3796431006262,497.65
"Kit Teclado e Mouse Sem Fio Logitech",3582639350466,697.64
"Kit Teclado e Mouse Sem Fio Logitech",7379602804394,3932.5
"SSD Kingston NV2 1TB",9974530358274,2712.74
"Fogão Brastemp 5 bocas",7260121404904,2007.37
"Smart Lampada LED Wi-Fi Positivo",5048934344723,1711.18
"Ar-condicionado LG Dual Inverter",5097540911647,2643.6
"Furadeira e Parafusadeira DeWalt",8379874797054,590.08
"Relógio Casio G-Shock",5096058607417,1749.12
"Fonte Corsair 750W Modular",2026243745141,2651.74
"Console Nintendo Switch OLED",7738703361593,4122.68
"Câmera GoPro Hero 10",4928373789978,3165.75
"Notebook Dell Inspiron",5739026623074,199.94
"Cadeira Gamer DXRacer",1183120096147,3646.16
"Bolsa Michael Kors",1913123013487,85.63
"Processador Intel Core i9 13900K",3253688577928,737.34
"Chuveiro Lorenzetti Acqua Duo",4965753885815,2708.83
"Liquidificador Philips Walita",7114480456323,4184.15
"Capacete LS2 FF320",3206607470909,113.41
"Placa de Vídeo RTX 4070 Ti",7758824799148,954.91
"Tablet iPad Air 2022",6931723461000,1375.66
"Mouse Logitech MX Master 3",3325994485088,3842.0
"Ar-condicionado LG Dual Inverter",8774808657065,4588.13
"Echo Dot Alexa",1592264593889,4076.46
"Fogão Brastemp 5 bocas",2851398199190,2012.52
"Placa de Vídeo RTX 4070 Ti",4060490359393,3346.33
"Fone de Ouvido JBL Tune 510BT",8129615979038,1472.8
"Chuveiro Lorenzetti Acqua Duo",1303114353532,3178.24
"Bicicleta Caloi 29",3463402914883,3135.52
"Roteador TP-Link Archer AX50",3745387489408,841.14
"Echo Dot Alexa",4843864834550,2603.82
"Drone DJI Mini 3 Pro",3277514156435,2691.5
"Smart Lampada LED Wi-Fi Positivo",6670629711120,1362.17
"Aspirador de Pó Vertical Mondial",6330959603721,3112.02
"Cafeteira Nespresso Essenza Mini",1788459425455,3641.68
"Console PlayStation 5",7339816759740,4541.69
"Roteador TP-Link Archer AX50",5796058320681,2757.54
"Perfume Paco Rabanne 1 Million",4590808664990,4159.27
"Roteador TP-Link Archer AX50",6477417645156,4371.8
"Perfume Paco Rabanne 1 Million",7693496757777,1724.12
"Panela de Pressão Elétrica Mondial",3017739009076,2233.26
"Teclado Mecânico Redragon",1325813683959,3837.73
"Teclado Mecânico Redragon",2578812884183,4852.83
"Roteador TP-Link Archer AX50",8751722846118,377.43
"Geladeira Frost Free Brastemp",4073254401477,3345.12
"Console Xbox Series X",8776394627796,3358.07
"Roteador TP-Link Archer AX50",6744778442552,2982.82
"Cafeteira Nespresso Essenza Mini",5859286817561,1634.18
"Tablet iPad Air 2022",3932098832909,1306.13
"Teclado Mecânico Redragon",5406044580646,4120.3
"Tênis Nike Air Force 1",4157247602545,3348.12
"Fone de Ouvido JBL Tune 510BT",3104946367884,700.76
"Placa de Vídeo RTX 4070 Ti",4623742288376,938.44
"Bolsa Michael Kors",9363977381006,831.77
"Aspirador de Pó Vertical Mondial",5650653516168,850.51
"Óculos Ray-Ban Aviador",9813217397976,3633.41
"Tablet iPad Air 2022",7247946687967,3032.54
"Máquina de Lavar Samsung 14kg",7542154009608,1405.53
"Óculos Ray-Ban Aviador",5768426771636,2121.99
"Memória RAM Corsair Vengeance 32GB",7505415570083,3739.79
"Cadeira Gamer DXRacer",7891290122158,2836.79
"Máquina de Lavar Samsung 14kg",9696145525521,2789.34
"Furadeira e Parafusadeira DeWalt",5984322191935,2042.24
"Relógio Casio G-Shock",3284233170621,2587.23
"Mouse Logitech MX Master 3",4377901604580,1914.09
"Patinete Elétrico Xiaomi",2183344682677,4321.47
"Patinete Elétrico Xiaomi",3342017575002,1855.11
"Drone DJI Mini 3 Pro",4667120327808,781.37
"Aspirador de Pó Vertical Mondial",6193319079831,4270.68
"Kit Teclado e Mouse Sem Fio Logitech",9587536494046,3617.73
"Ar-condicionado LG Dual Inverter",1381122055889,790.91
"Console Xbox Series X",2691311777239,3821.89
"Bolsa Michael Kors",7344659765057,4729.58
"Smartphone Galaxy S21",8040819393068,715.89
"Geladeira Frost Free Brastemp",9485679880365,1386.82
"Processador Intel Core i9 13900K",1098582263798,892.54
"Processador Intel Core i9 13900K",1245718371253,1870.26
"Panela de Pressão Elétrica Mondial",6429290439581,2127.3
"Capacete LS2 FF320",2114201259585,4679.84
"Chuveiro Lorenzetti Acqua Duo",1155963333966,2747.24
"Liquidificador Philips Walita",1800583090013,1655.56
"Console Xbox Series X",6606302189887,3911.97
"Furadeira e Parafusadeira DeWalt",1790880659246,1769.43
"Bicicleta Caloi 29",8131944244685,1892.44
"Liquidificador Philips Walita",9292941819446,622.16
"Roteador TP-Link Archer AX50",4172059852648,1837.62
"Cadeira Gamer DXRacer",1851498136633,1385.44
"Echo Dot Alexa",4919006093951,1240.8
"Mochila Samsonite Executiva",5614631659832,446.95
"Smart Lampada LED Wi-Fi Positivo",2286099181178,4783.08
"Ar-condicionado LG Dual Inverter",3080684817825,87.65
"Batedeira Planetária Oster",9821260789897,3581.15
"Perfume Paco Rabanne 1 Million",8050054009329,3644.85
"Ventilador de Mesa Arno",5259422675395,163.79
"Relógio Casio G-Shock",5916767943338,2061.17
"Patinete Elétrico Xiaomi",9408930533672,1375.21
"Perfume Paco Rabanne 1 Million",4653197046585,2396.8
"Relógio Casio G-Shock",7655287120307,1103.51
"Batedeira Planetária Oster",8378721094004,1137.69
"Fonte Corsair 750W Modular",1947959307273,3666.78
"Teclado Mecânico Redragon",1072487080121,154.45
"Tênis Nike Air Force 1",9996858004904,1000.36
"Bolsa Michael Kors",8879791696587,818.62
"Chuveiro Lorenzetti Acqua Duo",9276296181410,4203.08
"Ventilador de Mesa Arno",8028486838200,1786.17
"Mouse Logitech MX Master 3",6014184701886,1046.36
"Console Xbox Series X",7392147797034,1354.78
"Mochila Samsonite Executiva",6402090675504,3171.26
"Kit Ferramentas Bosch 100 Peças",2754956321515,1895.82
"Furadeira e Parafusadeira DeWalt",4354425003466,2240.26
"Processador Intel Core i9 13900K",5839812688270,1197.55
"Fogão Brastemp 5 bocas",8182849499429,4481.59
"Headset HyperX Cloud II",5771532305991,4115.86
"Monitor LG Ultrawide",4111474274655,3551.53
"Smartwatch Apple Watch SE",8130645503985,2116.5
"Bolsa Michael Kors",9092637064943,143.62
"Headset HyperX Cloud II",9107478386411,2102.72
"Ar-condicionado LG Dual Inverter",7154696759685,991.31
"Panela de Pressão Elétrica Mondial",8770137656682,755.37
"Ar-condicionado LG Dual Inverter",4235726309364,1375.54
"Notebook Dell Inspiron",4818016550155,3371.6
"Furadeira e Parafusadeira DeWalt",5795912096715,2000.85
"Drone DJI Mini 3 Pro",8480176972054,831.7
"Cadeira de Escritório Ergonômica",8444493558284,3716.07
"Liquidificador Philips Walita",3931471313647,2857.2
"Cafeteira Nespresso Essenza Mini",2154217410074,2754.66
"Ventilador de Mesa Arno",9895772954186,3465.83
"Cadeira Gamer DXRacer",2874356110980,1491.14
"SSD Kingston NV2 1TB",6616466539254,637.47
"Tênis Nike Air Force 1",6928300686486,2312.86
"Monitor LG Ultrawide",7140460925163,867.18
"Console Nintendo Switch OLED",6822699144610,4268.97
"Placa-mãe ASUS ROG Strix",9411446395887,3280.53
"Panela de Pressão Elétrica Mondial",1050807663793,3269.6
"Tablet iPad Air 2022",6540645878911,4015.25
"Relógio Casio G-Shock",9894112232550,1738.59
"Smart Lampada LED Wi-Fi Positivo",1483446052169,4983.13
"Bolsa Michael Kors",2921436249352,2890.58
"Teclado Mecânico Redragon",6738391744599,535.68
"Micro-ondas Electrolux 30L",3092152976956,287.38
"Console Nintendo Switch OLED",6038326716537,275.56
"Bolsa Michael Kors",2006801091611,2156.36
"Ar-condicionado LG Dual Inverter",3465454561805,3924.81
"Echo Dot Alexa",5959838006560,1539.15
"Drone DJI Mini 3 Pro",2878214791503,847.25
"Placa-mãe ASUS ROG Strix",7307231012696,3260.1
"Tênis Nike Air Force 1",5617814308105,1719.6
"Óculos Ray-Ban Aviador",8222621437075,1022.07
"Console Xbox Series X",4597162166201,3427.14
"Teclado Mecânico Redragon",9079867100227,4809.24
"Perfume Paco Rabanne 1 Million",6761076273138,1781.83
"Bolsa Michael Kors",6498541913497,3208.1
"SSD Kingston NV2 1TB",4256688532886,1774.04
"Tênis Nike Air Force 1",8271558130350,1108.13
"Aspirador de Pó Vertical Mondial",2989766930590,4959.54
"Memória RAM Corsair Vengeance 32GB",8478632215125,3938.99
"Drone DJI Mini 3 Pro",9350129394418,4218.45
"Liquidificador Philips Walita",8450507789136,694.81
"Patinete Elétrico Xiaomi",3357288764706,1428.88
"Mochila Samsonite Executiva",3815699513245,105.22
"Roteador TP-Link Archer AX50",3568810997617,4791.29
"Console PlayStation 5",4074310876252,3422.54
"Console PlayStation 5",7008615423831,2988.37
"Smartwatch Apple Watch SE",5818412390376,998.3
"Geladeira Frost Free Brastemp",1055897380799,216.26
"Mouse Logitech MX Master 3",4714471040503,2176.03
"Chuveiro Lorenzetti Acqua Duo",7955067276757,4996.0
"Ar-condicionado LG Dual Inverter",8344767676328,4994.73
"Console PlayStation 5",8852637209979,1587.65
"Kit Teclado e Mouse Sem Fio Logitech",5852053091615,2718.53
"Headset HyperX Cloud II",8656247474984,1293.88
"Kit Teclado e Mouse Sem Fio Logitech",9760219839389,468.89
"Tablet iPad Air 2022",8972426875777,3741.24
"Placa-mãe ASUS ROG Strix",3440901599720,569.24
"Smart TV Samsung 55' 4K",2063763183365,3475.62
"Cafeteira Nespresso Essenza Mini",1508074511510,1032.65
"Kit Ferramentas Bosch 100 Peças",5198204875679,2175.83
"Monitor LG Ultrawide",1416461863573,678.26
"Cadeira de Escritório Ergonômica",9620087731540,4808.37
"Relógio Casio G-Shock",1266266167012,4852.2
"Furadeira e Parafusadeira DeWalt",8463962531669,4309.84
"Tablet iPad Air 2022",2697319347789,1573.16
"Headset HyperX Cloud II",1437098364206,4300.83
"Cadeira de Escritório Ergonômica",4961282250374,1159.52
"Smart Lampada LED Wi-Fi Positivo",7301781368504,1218.09
"Capacete LS2 FF320",6907202742949,1283.76
"Drone DJI Mini 3 Pro",4888837837394,116.31
"Placa-mãe ASUS ROG Strix",2274930977254,1479.77
"Placa de Vídeo RTX 4070 Ti",9100319837300,4046.02
"Roteador TP-Link Archer AX50",2286881819749,2576.03
"Panela de Pressão Elétrica Mondial",6491248489219,2866.95
"Liquidificador Philips Walita",4861925379437,4722.2
"Smart Lampada LED Wi-Fi Positivo",5139989891564,4104.95
"Fonte Corsair 750W Modular",3411635869363,2319.33
"Relógio Casio G-Shock",7556723683356,3417.76
"Kit Teclado e Mouse Sem Fio Logitech",2440220139708,2998.57
"Console PlayStation 5",3961564743456,4179.4
"Console PlayStation 5",2411342271917,2072.7
"Console Nintendo Switch OLED",2936714484584,1892.38
"Tablet iPad Air 2022",5137988210880,827.21
"Perfume Paco Rabanne 1 Million",2068606303389,3836.3
"Console Nintendo Switch OLED",5333073911085,2385.15
"Perfume Paco Rabanne 1 Million",1274353834352,3720.47
"Console Nintendo Switch OLED",4565491089757,4509.11
"Mochila Samsonite Executiva",6451519932217,2281.41
"Roteador TP-Link Archer AX50",5212446457131,2920.33
"Cadeira Gamer DXRacer",6240679001847,967.23
"Ar-condicionado LG Dual Inverter",3484979392310,3162.47
"Relógio Casio G-Shock",7856697848372,4925.53
"Capacete LS2 FF320",1026038699770,3190.64
"Bicicleta Caloi 29",1188480853784,972.86
"Headset HyperX Cloud II",5123255366243,1133.65
"Liquidificador Philips Walita",4325519234547,3682.32
"Tênis Nike Air Force 1",7809339367683,401.71
"Cadeira Gamer DXRacer",1695953729479,774.97
"Drone DJI Mini 3 Pro",3422220238691,3241.23
"Tablet iPad Air 2022",2324445136697,3679.93
"Ar-condicionado LG Dual Inverter",4767359506704,2172.69
"Batedeira Planetária Oster",1130653724542,391.39
"Geladeira Frost Free Brastemp",8765863702470,324.65
"Fonte Corsair 750W Modular",7819542282636,4238.8
"SSD Kingston NV2 1TB",1268530063139,4139.97
"Ventilador de Mesa Arno",1979908914554,657.65
"Mochila Samsonite Executiva",7811613947199,4476.98
"Tênis Nike Air Force 1",1967782858960,1954.15
"Relógio Casio G-Shock",4956835617494,3613.81
"Tênis Nike Air Force 1",7215672157373,2801.45
"Mouse Logitech MX Master 3",7071357859540,2381.1
"Placa-mãe ASUS ROG Strix",5765520743187,2731.45
"Headset HyperX Cloud II",6914856274489,2477.18
"Tablet iPad Air 2022",7427525220909,2393.38
"Câmera GoPro Hero 10",1197793222492,391.98
"Relógio Casio G-Shock",6961694034579,3646.18
"Headset HyperX Cloud II",4451731441915,935.75
"Console PlayStation 5",2352957318237,2693.16
"Mouse Logitech MX Master 3",9855038821696,4414.65
"Placa de Vídeo RTX 4070 Ti",4790675717056,2877.25
"Placa-mãe ASUS ROG Strix",3830300890292,3524.17
"Patinete Elétrico Xiaomi",5469693605856,4659.64
"Kit Ferramentas Bosch 100 Peças",2733841518962,1823.98
"Câmera GoPro Hero 10",8477999100423,486.29
"Smartphone Galaxy S21",9053479830388,3837.01
"Monitor LG Ultrawide",1386161136619,1415.17
"Placa-mãe ASUS ROG Strix",1007746246378,2371.4
"Processador Intel Core i9 13900K",9595677203198,3360.75
"Mochila Samsonite Executiva",6359798626505,1350.89
"Geladeira Frost Free Brastemp",5971988307636,4475.42
"Furadeira e Parafusadeira DeWalt",2655543865065,621.37
"Console Xbox Series X",2175931968843,2255.75
"Ar-condicionado LG Dual Inverter",2036322194334,668.15
"Roteador TP-Link Archer AX50",6495372269599,4807.6
"Máquina de Lavar Samsung 14kg",1479234430495,2626.9
"Monitor LG Ultrawide",7771628035759,2611.49
"Panela de Pressão Elétrica Mondial",3479332708514,1974.64
"Panela de Pressão Elétrica Mondial",4794266981849,3524.35
"Echo Dot Alexa",9983442013891,1957.68
"SSD Kingston NV2 1TB",2681507480924,1351.52
"Câmera GoPro Hero 10",9649271094425,4523.63
"Cadeira de Escritório Ergonômica",3147873464077,3608.62
"Console Xbox Series X",5383373642375,1095.68
"Fone de Ouvido JBL Tune 510BT",7097852302829,814.26
"Capacete LS2 FF320",7671799106944,2764.46
"Memória RAM Corsair Vengeance 32GB",5260880506150,4837.88
"Cadeira Gamer DXRacer",9743114626197,3269.12
"Bolsa Michael Kors",1088149009948,2270.45
"Tênis Nike Air Force 1",7344805033760,2782.53
"Ar-condicionado LG Dual Inverter",7417265589100,4110.31
"Capacete LS2 FF320",4833667396660,1958.65
"Ar-condicionado LG Dual Inverter",8607605191645,1938.39
"Relógio Casio G-Shock",4681275558662,4346.49
"Furadeira e Parafusadeira DeWalt",1822097511899,3118.43
"SSD Kingston NV2 1TB",9943669335473,212.05
"Console Xbox Series X",3078823879902,1403.85
"Óculos Ray-Ban Aviador",1420346542780,3563.99
"Bicicleta Caloi 29",7229118557618,4274.07
"Roteador TP-Link Archer AX50",5772054007759,2910.7
"Mochila Samsonite Executiva",6481128311669,748.97
"Smart Lampada LED Wi-Fi Positivo",1517538750397,313.33
"Kit Teclado e Mouse Sem Fio Logitech",9159701911826,4563.6
"Fogão Brastemp 5 bocas",6627104809754,4218.17
"Geladeira Frost Free Brastemp",1964459453510,2598.34
"Console PlayStation 5",7382751540555,154.04
"Relógio Casio G-Shock",6782405502700,860.62
"Placa-mãe ASUS ROG Strix",4298502817004,2753.8
"Cadeira Gamer DXRacer",7470947479055,1940.01
"Patinete Elétrico Xiaomi",2152742763975,4098.97
"Placa-mãe ASUS ROG Strix",7832464195609,1104.5
"Capacete LS2 FF320",6714320024549,1799.96
"SSD Kingston NV2 1TB",7023586989450,1891.35
"Fone de Ouvido JBL Tune 510BT",6322771174506,739.28
"Smartwatch Apple Watch SE",8627304955447,981.13
"Placa-mãe ASUS ROG Strix",2752086173362,1378.2
"Roteador TP-Link Archer AX50",1899532990673,311.47
"Cafeteira Nespresso Essenza Mini",3335133060494,918.21
"Capacete LS2 FF320",8480078946581,1353.74
"Mouse Logitech MX Master 3",6699732432777,2967.09
"Capacete LS2 FF320",7426418536825,2709.39
"Headset HyperX Cloud II",6871979092112,4027.59
"Liquidificador Philips Walita",2739633417876,2115.75
"Headset HyperX Cloud II",6339471743693,602.86
"Panela de Pressão Elétrica Mondial",5919024180994,756.9
"Tênis Nike Air Force 1",6218275767267,3401.71
"Tênis Nike Air Force 1",1872474348021,1056.41
"Notebook Dell Inspiron",9080107246430,545.89
"Notebook Dell Inspiron",9216048169326,2021.94
"Ventilador de Mesa Arno",7513658912388,1139.99
"Bolsa Michael Kors",1312280488699,1897.89
"Cadeira Gamer DXRacer",3707253897905,2153.08
"Panela de Pressão Elétrica Mondial",4495004294877,1231.01
"Monitor LG Ultrawide",1510288476280,4883.82
"Mouse Logitech MX Master 3",7151869196006,2959.04
"Bolsa Michael Kors",4239154203377,2489.48
"Console PlayStation 5",5739310604305,1229.82
"Memória RAM Corsair Vengeance 32GB",4595725351015,1517.44
"Bolsa Michael Kors",5664447360773,2589.81
"Processador Intel Core i9 13900K",2597751299299,1296.76
"Micro-ondas Electrolux 30L",9185430734631,3538.2
"Monitor LG Ultrawide",4498277840490,398.46
"Tênis Nike Air Force 1",2838639992453,2767.06
"Chuveiro Lorenzetti Acqua Duo",6802389247870,406.28
"Roteador TP-Link Archer AX50",3493762210049,4676.87
"Batedeira Planetária Oster",9831506118530,2551.02
"Cadeira Gamer DXRacer",8816903997615,767.1
"Câmera GoPro Hero 10",6009999114825,4598.24
"Fonte Corsair 750W Modular",9469150427684,1183.01
"Processador Intel Core i9 13900K",1639601331616,2455.41
"Fone de Ouvido JBL Tune 510BT",5455650990886,989.69
"Patinete Elétrico Xiaomi",7700267683083,3313.2
"Echo Dot Alexa",3663411330819,4403.58
"Mochila Samsonite Executiva",8049281582864,1171.15
"Smartphone Galaxy S21",4575122377360,1170.18
"Smartphone Galaxy S21",5188113282821,755.05
"Cadeira Gamer DXRacer",7246768972571,2918.43
"Câmera GoPro Hero 10",3441569164035,4604.64
"Teclado Mecânico Redragon",8998716597855,3034.01
"Cadeira de Escritório Ergonômica",1550422503745,503.89
"Placa de Vídeo RTX 4070 Ti",9752941750228,3894.41
"Micro-ondas Electrolux 30L",5369928344187,2255.36
"Kit Teclado e Mouse Sem Fio Logitech",4044359769526,393.92
"Smart Lampada LED Wi-Fi Positivo",4662889914324,3939.01
"Echo Dot Alexa",8737720647706,1023.41
"Tênis Nike Air Force 1",1676515378291,4595.55
"Ar-condicionado LG Dual Inverter",3361261654463,1007.12
"Mouse Logitech MX Master 3",4360649252745,532.08
"Headset HyperX Cloud II",5624987752196,4012.82
"Smart TV Samsung 55' 4K",1579864610838,3560.51
"Liquidificador Philips Walita",7441260223540,183.38
"Batedeira Planetária Oster",9720710595558,2540.91
"Headset HyperX Cloud II",8181402099084,4821.02
"Câmera GoPro Hero 10",2977229260606,214.8
"Mochila Samsonite Executiva",6206690841198,3630.05
"Roteador TP-Link Archer AX50",6220736378906,2381.03
"Placa de Vídeo RTX 4070 Ti",8595210923530,80.9
"Relógio Casio G-Shock",4933753863541,4072.19
"Máquina de Lavar Samsung 14kg",7320767884435,138.55
"Echo Dot Alexa",9806677778972,1727.78
"Smartwatch Apple Watch SE",2339883779810,4991.75
"Chuveiro Lorenzetti Acqua Duo",8026849194827,3424.98
"Drone DJI Mini 3 Pro",4148015131987,1276.39
"Batedeira Planetária Oster",3094016037153,4126.28
"Fone de Ouvido JBL Tune 510BT",7291256884108,2153.05
"Relógio Casio G-Shock",9834104432363,3068.13
"Notebook Dell Inspiron",5558019209665,2605.36
"Console Xbox Series X",4660046721685,3384.92
"Óculos Ray-Ban Aviador",2527060715036,1458.37
"Máquina de Lavar Samsung 14kg",6870688347842,4389.72
"Bicicleta Caloi 29",1544612729305,1177.59
"Patinete Elétrico Xiaomi",4934181533941,884.24
"Kit Ferramentas Bosch 100 Peças",9756079284422,2744.78
"Bolsa Michael Kors",4679925127326,173.94
"SSD Kingston NV2 1TB",3358128705442,1841.85
"Drone DJI Mini 3 Pro",9219708506240,1612.81
"Geladeira Frost Free Brastemp",5877752612638,732.94
"Notebook Dell Inspiron",3534893854874,2438.25
"Tênis Nike Air Force 1",7986961929678,507.61
"Fonte Corsair 750W Modular",5211021484245,318.35
"Patinete Elétrico Xiaomi",5360558525386,1238.27
"Fone de Ouvido JBL Tune 510BT",4764503150767,2452.26
"Óculos Ray-Ban Aviador",2562121890603,3128.69
"Console Nintendo Switch OLED",8087602670095,1145.34
"Aspirador de Pó Vertical Mondial",1017328445319,3652.98
"Máquina de Lavar Samsung 14kg",7540133601239,1885.48
"Smart TV Samsung 55' 4K",4789708914720,3049.51
"Furadeira e Parafusadeira DeWalt",3524675532117,2262.04
"Console PlayStation 5",5444355140237,1500.6
"Smartwatch Apple Watch SE",4403641802733,280.91
"Cadeira de Escritório Ergonômica",7980985643582,2528.23
"Panela de Pressão Elétrica Mondial",5623244959433,4970.71
"Processador Intel Core i9 13900K",8388950385849,1956.84
"Aspirador de Pó Vertical Mondial",2924055496438,1354.13
"Echo Dot Alexa",4068074577783,864.22
"Tablet iPad Air 2022",5164465021451,4313.52
"Kit Ferramentas Bosch 100 Peças",5070531140646,4799.01
"Tênis Nike Air Force 1",1491393965676,796.52
"Furadeira e Parafusadeira DeWalt",4992560469552,1780.05
"Ventilador de Mesa Arno",9392544479752,4277.27
"Capacete LS2 FF320",1930901048504,1496.28
"Bicicleta Caloi 29",7082416487053,4211.0
"Fonte Corsair 750W Modular",8962696790458,4414.69
"Patinete Elétrico Xiaomi",1979236501891,1487.15
"Teclado Mecânico Redragon",8443085748163,1054.52
"Placa-mãe ASUS ROG Strix",2469251223300,4503.66
"Liquidificador Philips Walita",7780864280702,4563.87
"Kit Teclado e Mouse Sem Fio Logitech",6625476855951,4532.24
"Ventilador de Mesa Arno",6184359557467,4159.57
"Smart Lampada LED Wi-Fi Positivo",5294546605982,1580.29
"SSD Kingston NV2 1TB",2284690117100,214.34
"Console Xbox Series X",5697024785483,2471.31
"Chuveiro Lorenzetti Acqua Duo",5137735827389,339.53
"Tablet iPad Air 2022",6966693048965,339.91
"Patinete Elétrico Xiaomi",2019962017503,1520.92
"Placa de Vídeo RTX 4070 Ti",6871840343244,4998.1
"Roteador TP-Link Archer AX50",3783519075645,3875.28
"Tênis Nike Air Force 1",9398762584683,1436.04
"Mochila Samsonite Executiva",4195647113575,3905.15
"Batedeira Planetária Oster",5190136111938,2030.6
"Mochila Samsonite Executiva",6836623066961,2246.82
"Capacete LS2 FF320",9319771579407,3883.32
"Smartwatch Apple Watch SE",8923546912850,3915.22
"Panela de Pressão Elétrica Mondial",2702684771271,4148.84
"Fone de Ouvido JBL Tune 510BT",4043690222523,1210.51
"Bolsa Michael Kors",7104993486206,1754.53
"Fogão Brastemp 5 bocas",2377100341531,3020.29
"Patinete Elétrico Xiaomi",6632783415005,3800.89
"Monitor LG Ultrawide",5435699386349,2049.25
"Memória RAM Corsair Vengeance 32GB",5373015575782,4081.55
"Roteador TP-Link Archer AX50",5655508828690,506.79
"Fogão Brastemp 5 bocas",8189845240659,2648.71
"Mochila Samsonite Executiva",7765709871297,1803.98
"Óculos Ray-Ban Aviador",6366568218628,3487.8
"SSD Kingston NV2 1TB",2079022863990,2484.73
"Mochila Samsonite Executiva",3351315881678,3117.94
"Placa de Vídeo RTX 4070 Ti",8284471865444,2136.41
"Fogão Brastemp 5 bocas",5877743960835,2270.74
"Capacete LS2 FF320",8460046560881,4685.24
"Ventilador de Mesa Arno",3698524626920,4734.32
"Fone de Ouvido JBL Tune 510BT",5330375353678,1436.72
"Kit Teclado e Mouse Sem Fio Logitech",2339621935860,3357.39
"Ventilador de Mesa Arno",7942630728378,70.82
"Panela de Pressão Elétrica Mondial",1361401716921,1776.14
"Fogão Brastemp 5 bocas",3724437438517,3234.41
"Smart Lampada LED Wi-Fi Positivo",8860661105714,1069.5
"Memória RAM Corsair Vengeance 32GB",1651202743682,1550.69
"Cadeira de Escritório Ergonômica",5095934252492,3735.56
"Panela de Pressão Elétrica Mondial",4092960770267,3643.13
"Cadeira Gamer DXRacer",9360265232109,4604.35
"Console PlayStation 5",8433993167761,1386.74
"Notebook Dell Inspiron",3382918848130,364.46
"Panela de Pressão Elétrica Mondial",2807725308573,3564.51
"Headset HyperX Cloud II",2184335857024,2587.45
"Patinete Elétrico Xiaomi",3508829891575,1836.56
"Ventilador de Mesa Arno",4695324166854,4923.79
"Memória RAM Corsair Vengeance 32GB",7218041170388,2805.98
"Ventilador de Mesa Arno",7382634210852,4055.98
"Relógio Casio G-Shock",7992577407841,2894.93
"Aspirador de Pó Vertical Mondial",3202364415503,1426.6
"Patinete Elétrico Xiaomi",5967521762327,2545.14
"Ventilador de Mesa Arno",1712029176022,2127.05
"Kit Ferramentas Bosch 100 Peças",2336772934178,1600.55
"Placa-mãe ASUS ROG Strix",6243487560876,2632.63
"Memória RAM Corsair Vengeance 32GB",1660785902745,4592.28
"Console Nintendo Switch OLED",4440815771557,3204.65
"Batedeira Planetária Oster",1987948466662,1577.28
"Notebook Dell Inspiron",1347827196835,1781.12
"Chuveiro Lorenzetti Acqua Duo",4169802890483,290.19
"Tênis Nike Air Force 1",7044313709487,960.91
"Câmera GoPro Hero 10",2410100634281,2106.06
"Cadeira de Escritório Ergonômica",9051934070202,4675.49
"Echo Dot Alexa",9986365095176,3587.85
"Smart Lampada LED Wi-Fi Positivo",4532844545663,3895.71
"Perfume Paco Rabanne 1 Million",4148616374899,4127.98
"Aspirador de Pó Vertical Mondial",3449749016274,4786.21
"Mochila Samsonite Executiva",3325032138223,4322.61
"Cafeteira Nespresso Essenza Mini",7703720613834,2285.88
"Mochila Samsonite Executiva",6280951643584,3181.43
"Smartphone Galaxy S21",1783850063674,2043.48
"Bolsa Michael Kors",6640248591813,1428.35
"Kit Ferramentas Bosch 100 Peças",8770860324406,4893.75
"Processador Intel Core i9 13900K",3081963552808,1786.41
"Processador Intel Core i9 13900K",2241795966930,129.17
"Tablet iPad Air 2022",1205488851702,1353.64
"Cafeteira Nespresso Essenza Mini",5103312866133,258.15
"Ventilador de Mesa Arno",6302678523911,595.49
"Mochila Samsonite Executiva",5909399971985,4751.34
"Ventilador de Mesa Arno",1617133094283,422.9
"Console Xbox Series X",8709118966811,3894.79
"Fonte Corsair 750W Modular",7158345587615,4029.26
"Headset HyperX Cloud II",3432623621046,152.99
"Processador Intel Core i9 13900K",9223655357554,1903.9
"Memória RAM Corsair Vengeance 32GB",8349863782536,605.74
"Tablet iPad Air 2022",1543362682235,1727.24
"Máquina de Lavar Samsung 14kg",4181105834705,1486.44
"Processador Intel Core i9 13900K",6768124530790,2465.74
"Processador Intel Core i9 13900K",2291722561324,4332.24
"Monitor LG Ultrawide",7626325776805,186.99
"Smartphone Galaxy S21",3566016172582,1779.16
"Liquidificador Philips Walita",4804064260645,4099.74
"Câmera GoPro Hero 10",6257562041175,3439.9
"Cadeira de Escritório Ergonômica",3561053560756,2994.84
"Cadeira de Escritório Ergonômica",4589844075067,1232.93
"Relógio Casio G-Shock",6923753007186,573.34
"Smartwatch Apple Watch SE",1946473096818,1382.41
"Chuveiro Lorenzetti Acqua Duo",3618827605043,3402.36
"Smart Lampada LED Wi-Fi Positivo",7532435981554,2456.62
"Kit Teclado e Mouse Sem Fio Logitech",7258280097130,189.4
"Teclado Mecânico Redragon",2982333045675,1547.47
"Notebook Dell Inspiron",5343220545559,2037.7
"Câmera GoPro Hero 10",4929971354650,4323.06
"Mochila Samsonite Executiva",3850705766299,3805.17
"SSD Kingston NV2 1TB",9458386764969,4884.45
"Batedeira Planetária Oster",1020221552286,3426.26
"Drone DJI Mini 3 Pro",3023270084749,1162.12
"Fonte Corsair 750W Modular",5769512715145,3883.48
"Processador Intel Core i9 13900K",3544983809681,3158.64
"Cafeteira Nespresso Essenza Mini",7703651705664,356.47
"Notebook Dell Inspiron",6437104684636,1458.92
"Fogão Brastemp 5 bocas",7729219521868,1876.57
"Fonte Corsair 750W Modular",1464907913498,4014.27
"Óculos Ray-Ban Aviador",9600407957424,2424.41
"Console Xbox Series X",1636912348153,3032.66
"Chuveiro Lorenzetti Acqua Duo",6606332969983,1721.71
"Ar-condicionado LG Dual Inverter",2166295643207,3550.81
"Patinete Elétrico Xiaomi",6190377237635,2944.5
"Bicicleta Caloi 29",9959130453534,3596.58
"Roteador TP-Link Archer AX50",5052158711062,2455.99
"Tênis Nike Air Force 1",7458122284709,3075.18
"Smart TV Samsung 55' 4K",6613498850157,2443.34
"Fogão Brastemp 5 bocas",5438988605069,1834.92
"Fone de Ouvido JBL Tune 510BT",1656231835277,3027.8
"Placa de Vídeo RTX 4070 Ti",3892951000062,2604.13
"Processador Intel Core i9 13900K",2243146589173,2822.57
"Relógio Casio G-Shock",1046320676611,1797.1
"Fonte Corsair 750W Modular",3389646161472,2934.93
"Bolsa Michael Kors",4565588682412,586.84
"Headset HyperX Cloud II",5286856537416,755.64
"Bolsa Michael Kors",3886547475448,1093.07
"Headset HyperX Cloud II",4359229574743,4120.39
"Smartwatch Apple Watch SE",3403306682032,1246.89
"Cadeira de Escritório Ergonômica",2422791120192,2198.32
"Furadeira e Parafusadeira DeWalt",2095310168626,1850.03
"Óculos Ray-Ban Aviador",3633216934108,3582.08
"Mouse Logitech MX Master 3",3413096491739,4760.86
"Roteador TP-Link Archer AX50",3636178026290,4638.96
"Cadeira Gamer DXRacer",2238550131189,810.06
"Máquina de Lavar Samsung 14kg",2485821710435,1280.64
"Bicicleta Caloi 29",4755629714253,4601.49
"Mouse Logitech MX Master 3",7522994260731,3907.1
"Máquina de Lavar Samsung 14kg",5055146986702,4246.1
"Patinete Elétrico Xiaomi",3938267322576,4214.54
"Roteador TP-Link Archer AX50",5961096458781,1624.6
"Perfume Paco Rabanne 1 Million",6887002693790,3738.23
"Kit Ferramentas Bosch 100 Peças",6060174145136,4457.68
"Cadeira de Escritório Ergonômica",1307616348505,3716.13
"Cadeira Gamer DXRacer",7244830144140,1971.69
"Perfume Paco Rabanne 1 Million",6268355343542,2723.53
"Console Nintendo Switch OLED",1525298577666,1982.22
"Console Xbox Series X",5245101714811,3877.22
"Fogão Brastemp 5 bocas",8475768294152,2823.42
"Relógio Casio G-Shock",9342562723885,2020.35
"Cadeira Gamer DXRacer",4358253439067,2490.36
"Ar-condicionado LG Dual Inverter",6614117537529,4324.85
"Fogão Brastemp 5 bocas",3010081954185,114.74
"Batedeira Planetária Oster",5101460104572,282.2
"Mouse Logitech MX Master 3",2002205066036,1425.37
"Drone DJI Mini 3 Pro",5709169563703,644.2
"Capacete LS2 FF320",3024118858165,1246.26
"Drone DJI Mini 3 Pro",5616282619234,3735.47
"Notebook Dell Inspiron",2850052697638,3655.37
"Panela de Pressão Elétrica Mondial",7027305902608,945.62
"Bicicleta Caloi 29",8497845161067,61.93
"Console PlayStation 5",7847805093409,4480.11
"Echo Dot Alexa",3791026907117,3521.26
"Capacete LS2 FF320",8955969350859,3086.93
"Batedeira Planetária Oster",4531053243589,4215.59
"Placa de Vídeo RTX 4070 Ti",1970728188623,1567.49
"Panela de Pressão Elétrica Mondial",9351368423903,4696.58
"Panela de Pressão Elétrica Mondial",3874286732145,543.2
"Processador Intel Core i9 13900K",3834361068774,3721.54
"Smartwatch Apple Watch SE",2640688991871,2531.94
"Geladeira Frost Free Brastemp",9519920976162,4158.04
"Monitor LG Ultrawide",1801299613868,2030.49
"Óculos Ray-Ban Aviador",4215647616708,4775.49
"Headset HyperX Cloud II",5408666210341,1383.61
"Óculos Ray-Ban Aviador",2847394737130,1251.45
"Capacete LS2 FF320",9334389640405,2678.49
"Processador Intel Core i9 13900K",4876941124255,3497.98
"Capacete LS2 FF320",5108689812453,137.07
"Fone de Ouvido JBL Tune 510BT",2984228312224,1995.15
"Headset HyperX Cloud II",9491820788117,185.28
"Kit Teclado e Mouse Sem Fio Logitech",3745935855289,252.51
"Placa-mãe ASUS ROG Strix",5345177794004,3197.84
"Console Xbox Series X",5808384731494,285.65
"Smartwatch Apple Watch SE",6391825361982,1569.49
"Ventilador de Mesa Arno",3770229334339,2518.83
"Tênis Nike Air Force 1",8903114192738,3628.01
"Tênis Nike Air Force 1",7700542589150,4822.12
"Monitor LG Ultrawide",5596768147932,3798.18
"Smart Lampada LED Wi-Fi Positivo",5872600646567,3014.81
"Mouse Logitech MX Master 3",3390060203713,2510.94
"Ar-condicionado LG Dual Inverter",6175035598339,175.78
"Placa de Vídeo RTX 4070 Ti",7435340505836,1970.21
"Placa-mãe ASUS ROG Strix",3599466087245,2497.19
"Ar-condicionado LG Dual Inverter",3224578468537,866.68
"Console Xbox Series X",9711134777571,4715.2
"Memória RAM Corsair Vengeance 32GB",7224022057321,2941.67
"Máquina de Lavar Samsung 14kg",6014325016845,3945.78
"Máquina de Lavar Samsung 14kg",8192485778698,4534.28
"Fonte Corsair 750W Modular",3802804552936,1384.1
"Console Nintendo Switch OLED",1042648115714,1292.79
"Furadeira e Parafusadeira DeWalt",6345259962459,1898.62
"Batedeira Planetária Oster",1029966692026,2443.86
"Chuveiro Lorenzetti Acqua Duo",7314618100047,3922.62
"Placa-mãe ASUS ROG Strix",2079148944033,2117.3
"Bolsa Michael Kors",1369507683876,3198.32
"Kit Ferramentas Bosch 100 Peças",3669111932824,544.98
"Smartphone Galaxy S21",2664305530835,64.61
"Cadeira de Escritório Ergonômica",6726441248458,1137.92
"Cadeira de Escritório Ergonômica",6288674602476,1687.35
"Bicicleta Caloi 29",5263987568341,3188.5
"Smartphone Galaxy S21",3353284533987,4624.37
"Perfume Paco Rabanne 1 Million",4458960729261,2678.53
"Fonte Corsair 750W Modular",5345519074869,4790.16
"Console Nintendo Switch OLED",3706774062711,1086.0
"Processador Intel Core i9 13900K",7524513502908,3895.11
"Notebook Dell Inspiron",2646000219993,1238.31
"Smartphone Galaxy S21",5144523852797,148.58
"Roteador TP-Link Archer AX50",9347112392515,819.28
"Tênis Nike Air Force 1",8592164731817,3613.93
"Cadeira de Escritório Ergonômica",4364608604403,1129.95
"Monitor LG Ultrawide",9815509332304,4149.6
"Aspirador de Pó Vertical Mondial",4189646724758,3131.61
"Micro-ondas Electrolux 30L",4345737882859,3938.5
"Patinete Elétrico Xiaomi",5958291134215,2472.39
"Geladeira Frost Free Brastemp",9499380101394,3591.08
"Headset HyperX Cloud II",4992139485125,3995.25
"SSD Kingston NV2 1TB",3548544869344,4581.82
"Relógio Casio G-Shock",3371892883011,918.01
"Fonte Corsair 750W Modular",3091193973435,1772.2
"Batedeira Planetária Oster",3309513814710,674.4
"Panela de Pressão Elétrica Mondial",9929071873200,3571.34
"Câmera GoPro Hero 10",9271297373695,181.11
"Panela de Pressão Elétrica Mondial",1987202276897,310.87
"Console PlayStation 5",1036415142766,3512.43
"Placa-mãe ASUS ROG Strix",2064976163965,3690.97
"Bicicleta Caloi 29",9816223621877,1490.75
"Console PlayStation 5",6389190383871,1992.31
"Fone de Ouvido JBL Tune 510BT",1047152536008,2594.67
"Placa-mãe ASUS ROG Strix",2289171580385,2725.05
"Cadeira de Escritório Ergonômica",3046834222236,50.33
"Monitor LG Ultrawide",1581160951537,4960.28
"Memória RAM Corsair Vengeance 32GB",2410127625698,3991.77
"Echo Dot Alexa",4178981113255,636.17
"Furadeira e Parafusadeira DeWalt",4140925995204,292.45
"Mouse Logitech MX Master 3",2664315417033,3157.93
"Cadeira de Escritório Ergonômica",8368910058068,2665.25
"Memória RAM Corsair Vengeance 32GB",3535590608195,4166.46
"Smart TV Samsung 55' 4K",6281276653701,3276.83
"Monitor LG Ultrawide",2531626755802,1247.76
"Cadeira Gamer DXRacer",5739152295062,3279.67
"Bolsa Michael Kors",2631815594295,3613.5
"Placa de Vídeo RTX 4070 Ti",1247929158849,3240.3
"Relógio Casio G-Shock",6588788861734,3316.7
"Smart TV Samsung 55' 4K",2154530631672,1994.35
"Ventilador de Mesa Arno",5432146043412,1300.15
"Mochila Samsonite Executiva",8766035513856,4993.28
"Furadeira e Parafusadeira DeWalt",8354656175233,4327.71
"Furadeira e Parafusadeira DeWalt",1501160537586,1323.48
"Drone DJI Mini 3 Pro",1241191446422,1458.44
"Processador Intel Core i9 13900K",5888953938325,3960.07
"Console Nintendo Switch OLED",5219792328936,4451.47
"Cafeteira Nespresso Essenza Mini",8817883344112,4946.46
"Smartphone Galaxy S21",5047572928151,1226.12
"Patinete Elétrico Xiaomi",1999115475742,4985.52
"Aspirador de Pó Vertical Mondial",3466819751153,4255.76
"Fogão Brastemp 5 bocas",3275432059793,3801.06
"Óculos Ray-Ban Aviador",6979487112576,3006.01
"Notebook Dell Inspiron",5188823636633,3140.54
"Panela de Pressão Elétrica Mondial",6400492131246,2541.96
"Batedeira Planetária Oster",8238486646260,660.57
"Ventilador de Mesa Arno",4556166008137,1590.54
"Kit Ferramentas Bosch 100 Peças",6026185771823,4300.2
"Panela de Pressão Elétrica Mondial",6039321249272,1232.31
"SSD Kingston NV2 1TB",3544100777179,4717.43
"Fone de Ouvido JBL Tune 510BT",9824443422381,4140.12
"Roteador TP-Link Archer AX50",4818330206511,460.75
"Smart TV Samsung 55' 4K",9181628970707,561.23
"Panela de Pressão Elétrica Mondial",4749599775020,2199.4
"Fonte Corsair 750W Modular",6538706763095,4456.66
"Panela de Pressão Elétrica Mondial",6765609554999,1591.56
"Cadeira de Escritório Ergonômica",6383303742766,4542.85
"Câmera GoPro Hero 10",3200357909820,2008.89
"Kit Ferramentas Bosch 100 Peças",7890232122544,2187.41
"Bolsa Michael Kors",6526790715738,2973.8
"Smartwatch Apple Watch SE",9106236595180,2501.63
"Mouse Logitech MX Master 3",2263205054117,1797.14
"Console PlayStation 5",9146637403765,3017.64
"Kit Ferramentas Bosch 100 Peças",4077817984042,2855.54
"Liquidificador Philips Walita",3195636925672,398.24
"Fonte Corsair 750W Modular",4752506083185,298.07
"Patinete Elétrico Xiaomi",5286885029417,2051.68
"Óculos Ray-Ban Aviador",2530784998973,2497.16
"Fone de Ouvido JBL Tune 510BT",7816418348828,891.09
"Smartwatch Apple Watch SE",6273617939862,3359.1
"Mouse Logitech MX Master 3",6763215499014,2977.97
"Chuveiro Lorenzetti Acqua Duo",8477248507044,587.31
"Micro-ondas Electrolux 30L",6660594600218,1077.08
"Aspirador de Pó Vertical Mondial",7755833872721,2148.13
"Batedeira Planetária Oster",5815116021232,475.6
"Capacete LS2 FF320",4274604024224,4750.45
"Fone de Ouvido JBL Tune 510BT",6400322054735,3684.26
"Patinete Elétrico Xiaomi",6938214775180,2506.76
"Geladeira Frost Free Brastemp",6529649262507,1096.6
"Tênis Nike Air Force 1",6571275919444,2826.05
"Mouse Logitech MX Master 3",8652146334410,1367.12
"Teclado Mecânico Redragon",4045291981581,4559.79
"Bicicleta Caloi 29",8159804682356,1195.07
"Cadeira de Escritório Ergonômica",4906547399940,909.76
"Console Xbox Series X",7332050732463,2720.53
"Máquina de Lavar Samsung 14kg",7318723125522,1783.8
"Roteador TP-Link Archer AX50",6642773174843,3896.05
"Capacete LS2 FF320",4752795556701,3340.2
"Placa-mãe ASUS ROG Strix",5368954354414,2986.92
"Console Nintendo Switch OLED",4429381945485,4718.16
"Echo Dot Alexa",6650076343218,4352.27
"Roteador TP-Link Archer AX50",7342521159865,1320.84
"Console Xbox Series X",8401437211050,2713.48
"Cadeira Gamer DXRacer",9422628546205,614.33
"Liquidificador Philips Walita",1436484698556,2912.41
"Drone DJI Mini 3 Pro",9611554269342,3873.19
"Console Nintendo Switch OLED",8495417388565,3041.39
"Cadeira Gamer DXRacer",8499952724186,3771.49
"Console PlayStation 5",4563818258635,1627.53
"Smart Lampada LED Wi-Fi Positivo",9312310859465,1841.2
"Geladeira Frost Free Brastemp",9102597853146,3696.02
"Headset HyperX Cloud II",6964755766915,1983.32
"Fogão Brastemp 5 bocas",4955607022674,4216.55
"Ar-condicionado LG Dual Inverter",1527565381430,439.65
"Batedeira Planetária Oster",2498926727602,4937.32
"Fone de Ouvido JBL Tune 510BT",5489822998729,4465.5
"Perfume Paco Rabanne 1 Million",7008278865641,3709.77
"Cadeira de Escritório Ergonômica",8531885364965,3911.4
